0.041417598724365234, 231, -0.12, 234, -134
-0.0490872859954834, 234, 0.4, 237, -10137
-0.015339851379394531, 237, 0.4, 224, -10124
0.16106796264648438, 222, 0.39, 103, -3
0.3497476577758789, 82, -0.25, -210, -10110
0.21322321891784668, -162, -0.16, -162, -62
0.10891270637512207, -162, -0.21, -220, -120
-0.21782517433166504, -220, -0.25, -17, -9917
-0.26998066902160645, 7, 0.4, 178, -10078
-0.10891270637512207, 178, 0.4, 201, -10101
0.05982518196105957, 202, -0.25, 167, -10067
0.032213687896728516, 157, -0.25, 157, -10057
-0.2546408176422119, 157, 0.4, 217, -10117
-0.1012427806854248, 221, 0.4, 234, -10134
0.10737872123718262, 231, 0.18, 184, -84
0.22396111488342285, 184, -0.25, -3, -9903
0.08897089958190918, -3, -0.19, -172, -72
-0.19788360595703125, -157, 0.27, 76, 24
-0.08743691444396973, 103, -0.25, 160, -10060
-0.06749510765075684, 160, 0.4, 186, -10086
-0.05982518196105957, 197, 0.4, 219, -10119
0.08436894416809082, 219, -0.25, 118, -10018
0.1702718734741211, 101, 0.08, -92, 8
0.06596112251281738, -92, 0.4, -175, -10075
0.1672039031982422, -175, -0.18, -207, -107
0.20401954650878906, -218, -0.25, -222, -10122
0.03528165817260742, -220, -0.25, -193, -10093
-0.24390292167663574, -183, 0.22, 97, 3
-0.13345623016357422, 97, -0.25, 148, -10048
-0.05368924140930176, 148, -0.25, 142, -10042
-0.24697089195251465, 150, 0.4, 219, -10119
-0.11658263206481934, 221, 0.4, 234, -10134
0.05368924140930176, 233, -0.25, 216, -10116
0.09970879554748535, 216, -0.25, 168, -10068
-0.23930096626281738, 168, 0.4, 226, -10126
-0.11811661720275879, 229, 0.4, 235, -10135
0.027611732482910156, 235, -0.25, 222, -10122
0.1012427806854248, 222, 0.4, 188, -10088
0.0490872859954834, 185, -0.25, 53, -9953
0.17487382888793945, 36, -0.05, -185, -85
-0.042951345443725586, -206, 0.06, -50, 50
0.026077747344970703, -25, -0.25, 128, -10028
-0.09970879554748535, 149, 0.08, 239, -139
-0.09203886985778809, 228, -0.25, 237, -10137
-0.2285630702972412, 237, 0.4, 238, -10138
-0.009203910827636719, 238, -0.11, 232, -132
0.021475791931152344, 232, -0.25, 233, -10133
-0.24083495140075684, 234, 0.36, 237, -137
-0.1242525577545166, 237, -0.25, 239, -10139
-0.06442713737487793, 239, 0.4, 238, -10138
-0.06135916709899902, 238, 0.24, 234, -134
0.11351466178894043, 233, -0.14, 178, -78
0.1211845874786377, 168, -0.25, 16, -9916
-0.22702908515930176, 14, 0.4, 208, -10108
-0.09510684013366699, 203, 0.31, 228, -128
0.030679702758789062, 232, 0.4, 216, -10116
0.32827186584472656, 206, -0.09, 41, 59
0.26998066902160645, -11, 0.4, -144, -10044
0.28685450553894043, -144, 0.36, -202, -102
0.3666214942932129, -202, 0.4, -202, -10102
0.3819613456726074, -202, 0.31, -210, -110
0.3236699104309082, -210, 0.4, -204, -10104
0.3758254051208496, -201, -0.25, -213, -10113
0.25617480278015137, -215, 0.4, -223, -10123
0.33133983612060547, -220, 0.4, -202, -10102
0.3850290775299072, -201, -0.25, -211, -10111
0.27918457984924316, -213, 0.36, -225, -125
0.33594179153442383, -208, 0.4, -203, -10103
0.37735939025878906, -203, -0.19, -212, -112
0.29605841636657715, -212, -0.25, -227, -10127
0.1211845874786377, -227, -0.11, -231, -131
-0.1012427806854248, -228, 0.4, -157, -10057
-0.02914571762084961, -157, 0.4, -50, -9950
0.12271857261657715, -50, -0.04, -28, 72
0.18100976943969727, -40, -0.25, -232, -10132
-0.19481563568115234, -228, -0.25, -58, -9958
-0.24083495140075684, 158, 0.4, 193, -10093
-0.10891270637512207, 178, -0.25, 174, -10074
-0.23163104057312012, 200, 0.4, 237, -10137
-0.13345623016357422, 238, -0.24, 241, -141
-0.06902909278869629, 241, 0.4, 239, -10139
-0.05062127113342285, 239, -0.25, 232, -10132
-0.0015339851379394531, 231, -0.22, 235, -135
-0.21629118919372559, 235, -0.25, 235, -10135
-0.24083495140075684, 235, -0.25, 234, -10134
-0.24083495140075684, 234, 0.4, 236, -10136
-0.14572811126708984, 236, -0.16, 240, -140
-0.09970879554748535, 239, -0.25, 235, -10135
-0.2224271297454834, 234, -0.11, 237, -137
-0.1533980369567871, 237, 0.4, 239, -10139
-0.0061359405517578125, 240, -0.25, 226, -10126
0.036815643310546875, 226, 0.4, 235, -10135
-0.07669901847839355, 236, -0.25, 238, -10138
-0.1764078140258789, 236, 0.1, 236, -136
-0.12578654289245605, 237, -0.07, 238, -138
-0.05982518196105957, 238, -0.25, 236, -10136
-0.21629118919372559, 236, 0.4, 237, -10137
-0.11811661720275879, 237, -0.25, 234, -10134
-0.05062127113342285, 234, 0.3, 238, -138
-0.06902909278869629, 237, 0.22, 231, -131
0.14266014099121094, 231, -0.25, 161, -10061
0.1242525577545166, 161, 0.4, 34, -9934
0.08130097389221191, 22, -0.25, -175, -10075
0.13345623016357422, -175, -0.25, -178, -10078
-0.13345623016357422, -178, -0.25, 138, -10038
-0.23776698112487793, 198, 0.4, 181, -10081
-0.0490872859954834, 172, -0.25, 170, -10070
-0.03374767303466797, 170, -0.06, 227, -127
-0.13192224502563477, 227, -0.25, 236, -10136
-0.22089314460754395, 236, -0.25, 235, -10135
-0.23930096626281738, 234, 0.4, 237, -10137
-0.08436894416809082, 237, 0.13, 233, -133
0.09970879554748535, 232, -0.25, 214, -10114
-0.0015339851379394531, 211, 0.4, 215, -10115
-0.047553300857543945, 215, 0.29, 226, -126
0.17487382888793945, 224, -0.25, 113, -10013
0.13192224502563477, 63, -0.25, -173, -10073
-0.21168947219848633, -215, -0.25, -76, -9976
-0.23776698112487793, -55, 0.4, 178, -10078
-0.08590292930603027, 176, 0.4, 197, -10097
0.08590292930603027, 197, 0.4, 143, -10043
0.3834950923919678, 143, -0.11, -158, -58
0.26691269874572754, -158, -0.25, -205, -10105
0.06749510765075684, -205, 0.4, -187, -10087
-0.030679702758789062, -180, 0.4, -141, -10041
0.08897089958190918, -139, -0.25, -166, -10066
0.15646600723266602, -190, 0.4, -201, -10101
0.1242525577545166, -201, -0.03, -223, -123
0.18561172485351562, -223, -0.25, -224, -10124
-0.12578654289245605, -220, -0.25, -93, -9993
-0.23930096626281738, -74, -0.25, 235, -10135
-0.23930096626281738, 221, -0.25, 232, -10132
-0.23930096626281738, 235, -0.25, 235, -10135
-0.23930096626281738, 236, 0.4, 237, -10137
-0.08283495903015137, 238, -0.23, 239, -139
-0.11658263206481934, 238, -0.25, 235, -10135
-0.2423689365386963, 235, 0.4, 237, -10137
-0.06749510765075684, 237, -0.25, 238, -10138
-0.1503300666809082, 237, 0.07, 237, -137
-0.13192224502563477, 237, 0.4, 237, -10137
0.07056307792663574, 233, -0.25, 199, -10099
0.13805818557739258, 199, -0.25, 84, -9984
-0.23163104057312012, 84, -0.25, 130, -10030
-0.23930096626281738, 130, 0.11, 208, -108
-0.10277676582336426, 212, 0.4, 224, -10124
0.042951345443725586, 223, -0.25, 171, -10071
0.09357285499572754, 171, -0.25, 76, -9976
-0.24083495140075684, 78, -0.24, 236, -136
-0.23930096626281738, 236, -0.25, 236, -10136
-0.24083495140075684, 236, -0.25, 236, -10136
-0.23930096626281738, 236, 0.14, 238, -138
-0.14112615585327148, 238, -0.25, 238, -10138
-0.1764078140258789, 236, 0.4, 237, -10137
-0.0981748104095459, 237, -0.25, 239, -10139
-0.07823300361633301, 238, -0.07, 237, -137
-0.1273205280303955, 237, 0.31, 238, -138
0.030679702758789062, 237, -0.21, 230, -130
-0.009203910827636719, 230, 0.4, 239, -10139
-0.0030679702758789062, 239, 0.4, 232, -10132
0.15186405181884766, 231, -0.12, 159, -59
0.21322321891784668, 110, 0.4, -103, -10003
0.1932816505432129, -103, 0.1, -190, -90
0.2623107433319092, -199, 0.4, -205, -10105
0.34207773208618164, -201, 0.4, -202, -10102
0.3865630626678467, -203, -0.18, -212, -112
0.2623107433319092, -211, -0.25, -225, -10125
0.13959217071533203, -225, 0.08, -223, -123
0.042951345443725586, -214, -0.25, -178, -10078
-0.05062127113342285, -178, 0.22, -131, -31
-0.11811661720275879, -131, -0.25, -17, -9917
-0.06749510765075684, -17, -0.25, 131, -10031
-0.23469901084899902, 153, -0.09, 203, -103
-0.13192224502563477, 206, 0.4, 238, -10138
-0.0061359405517578125, 239, -0.25, 233, -10133
-0.032213687896728516, 234, 0.34, 238, -138
-0.07823300361633301, 238, -0.25, 237, -10137
-0.1242525577545166, 238, 0.4, 238, -10138
-0.11504864692687988, 237, -0.25, 238, -10138
-0.05829119682312012, 239, -0.25, 234, -10134
-0.23316502571105957, 235, 0.32, 236, -136
-0.14266014099121094, 236, 0.4, 239, -10139
0.0015339851379394531, 237, -0.25, 233, -10133
0.0015339851379394531, 232, -0.25, 234, -10134
-0.23469901084899902, 235, -0.25, 235, -10135
-0.23469901084899902, 235, 0.4, 237, -10137
-0.11504864692687988, 237, 0.3, 238, -138
0.01994180679321289, 236, 0.4, 228, -10128
0.3175339698791504, 219, 0.4, 26, -9926
0.38809704780578613, -4, 0.4, -161, -10061
0.3926990032196045, -161, -0.25, -211, -10111
0.3037281036376953, -211, -0.25, -224, -10124
0.15799999237060547, -224, 0.4, -225, -10125
0.12271857261657715, -223, -0.25, -219, -10119
0.18561172485351562, -219, 0.4, -222, -10122
0.14572811126708984, -222, 0.4, -197, -10097
0.3865630626678467, -198, -0.14, -211, -111
0.28225255012512207, -212, -0.25, -221, -10121
0.18561172485351562, -223, -0.25, -227, -10127
0.036815643310546875, -228, -0.25, -203, -10103
-0.23316502571105957, -178, -0.25, 41, -9941
-0.23930096626281738, 68, 0.4, 177, -10077
-0.11198067665100098, 177, 0.04, 235, -135
0.030679702758789062, 235, 0.2, 234, -134
0.1012427806854248, 233, 0.2, 165, -65
0.19174766540527344, 153, -0.25, 0, -9900
0.14572811126708984, 0, -0.25, -208, -10108
-0.23163104057312012, -194, 0.03, 227, -127
-0.11504864692687988, 242, 0.4, 157, -10057
-0.004601955413818359, 151, -0.25, 107, -10007
-0.009203910827636719, 104, 0.13, 107, -7
-0.09664082527160645, 117, -0.25, 242, -10142
-0.09970879554748535, 235, -0.17, 237, -137
-0.19788360595703125, 237, -0.25, 236, -10136
-0.23009705543518066, 237, -0.25, 236, -10136
-0.23930096626281738, 235, 0.05, 237, -137
-0.13652420043945312, 237, -0.25, 238, -10138
-0.16413593292236328, 238, -0.25, 235, -10135
-0.23776698112487793, 235, -0.25, 235, -10135
-0.23776698112487793, 235, -0.04, 236, -136
-0.13652420043945312, 237, 0.37, 237, -137
0.009203910827636719, 237, 0.39, 225, -125
0.23776698112487793, 225, 0.4, 105, -10005
0.3850290775299072, 81, 0.4, -160, -10060
0.3926990032196045, -173, 0.21, -210, -110
0.26998066902160645, -210, 0.4, -215, -10115
0.3604855537414551, -210, -0.25, -212, -10112
0.27304863929748535, -213, -0.25, -226, -10126
0.13959217071533203, -227, -0.25, -179, -10079
-0.23623299598693848, -167, 0.4, 40, -9940
-0.11351466178894043, 124, -0.25, 175, -10075
-0.11198067665100098, 170, -0.25, 189, -10089
-0.23623299598693848, 189, -0.25, 237, -10137
-0.23776698112487793, 234, 0.4, 238, -10138
-0.13345623016357422, 237, -0.25, 239, -10139
-0.14112615585327148, 239, 0.31, 238, -138
-0.0720970630645752, 239, 0.4, 235, -10135
0.042951345443725586, 235, -0.25, 217, -10117
0.07823300361633301, 213, 0.4, 173, -10073
0.015339851379394531, 173, 0.4, 170, -10070
0.22396111488342285, 170, -0.11, 88, 12
0.2423689365386963, 71, 0.16, -142, -42
0.1441941261291504, -166, 0.1, -162, -62
0.11351466178894043, -161, -0.25, -189, -10089
-0.04601931571960449, -193, 0.4, -172, -10072
-0.08436894416809082, -161, 0.4, -57, -9957
0.052155256271362305, -57, -0.18, 9, 91
0.11044669151306152, 10, -0.24, -5, 95
-0.21629118919372559, -5, 0.4, 117, -10017
-0.08436894416809082, 196, -0.25, 187, -10087
-0.05062127113342285, 184, -0.25, 215, -10115
-0.23469901084899902, 215, -0.25, 235, -10135
-0.23623299598693848, 235, -0.07, 236, -136
-0.15646600723266602, 236, 0.4, 238, -10138
-0.023009777069091797, 238, -0.25, 232, -10132
0.0061359405517578125, 232, 0.4, 235, -10135
0.018407821655273438, 235, 0.34, 222, -122
0.2224271297454834, 221, -0.25, 89, -9989
0.2254951000213623, 89, 0.3, -169, -69
0.21015548706054688, -218, -0.01, -220, -120
0.12271857261657715, -222, 0.21, -213, -113
0.11044669151306152, -210, 0.4, -205, -10105
0.3850290775299072, -197, -0.25, -212, -10112
0.27304863929748535, -212, -0.25, -226, -10126
0.15493202209472656, -225, -0.25, -233, -10133
-0.10431075096130371, -231, -0.02, -107, -7
-0.14266014099121094, -90, -0.0, 136, -36
-0.021475791931152344, 136, -0.25, 195, -10095
-0.13345623016357422, 195, 0.13, 223, -123
-0.11965060234069824, 233, -0.25, 239, -10139
-0.15186405181884766, 236, 0.4, 236, -10136
-0.09203886985778809, 236, 0.22, 235, -135
0.032213687896728516, 235, 0.4, 208, -10108
0.363553524017334, 200, 0.4, -43, -9943
0.38809704780578613, -43, -0.11, -165, -65
0.27611660957336426, -182, -0.25, -210, -10110
0.1503300666809082, -213, -0.04, -229, -129
-0.032213687896728516, -229, -0.25, -185, -10085
-0.2254951000213623, -158, -0.2, 142, -42
-0.21168947219848633, 194, 0.15, 194, -94
-0.06902909278869629, 194, 0.4, 227, -10127
0.06749510765075684, 227, 0.4, 191, -10091
0.37735939025878906, 168, 0.13, -175, -75
0.28685450553894043, -175, 0.4, -142, -10042
0.3067960739135742, -142, -0.25, -195, -10095
0.26691269874572754, -195, -0.25, -220, -10120
0.08283495903015137, -220, -0.25, -173, -10073
-0.23776698112487793, -161, -0.25, 110, -10010
-0.23776698112487793, 209, -0.25, 199, -10099
-0.23776698112487793, 207, 0.3, 236, -136
-0.1012427806854248, 236, 0.4, 237, -10137
0.030679702758789062, 236, 0.4, 209, -10109
0.3175339698791504, 209, 0.4, -92, -9992
0.39116501808166504, -198, -0.25, -196, -10096
0.285320520401001, -209, -0.25, -221, -10121
0.15186405181884766, -221, -0.25, -229, -10129
-0.14572811126708984, -227, 0.4, -133, -10033
-0.08897089958190918, -93, -0.25, 84, -9984
-0.05982518196105957, 122, 0.4, 216, -10116
-0.007669925689697266, 210, -0.02, 212, -112
0.06135916709899902, 211, -0.25, 208, -10108
-0.20862150192260742, 211, 0.19, 236, -136
-0.11504864692687988, 236, -0.22, 240, -140
-0.08436894416809082, 240, 0.25, 237, -137
-0.09357285499572754, 237, -0.14, 237, -137
-0.08743691444396973, 237, 0.4, 239, -10139
-0.03834962844848633, 239, -0.25, 234, -10134
-0.023009777069091797, 234, -0.25, 235, -10135
-0.23469901084899902, 235, -0.25, 235, -10135
-0.23469901084899902, 235, -0.25, 235, -10135
-0.23469901084899902, 235, 0.4, 236, -10136
-0.11658263206481934, 237, 0.4, 237, -10137
0.013805866241455078, 237, 0.4, 218, -10118
0.3528156280517578, 211, 0.4, -34, -9934
0.38809704780578613, -34, 0.24, -179, -79
0.28992247581481934, -179, -0.25, -219, -10119
0.1672039031982422, -219, 0.4, -219, -10119
0.14112615585327148, -216, -0.25, -216, -10116
0.21322321891784668, -217, 0.27, -224, -124
0.16413593292236328, -222, -0.09, -219, -119
0.15953397750854492, -219, -0.25, -232, -10132
-0.08590292930603027, -233, 0.23, -170, -70
-0.10431075096130371, -170, 0.4, -48, -9948
0.042951345443725586, -22, -0.25, 84, -9984
0.02454376220703125, 97, 0.4, 142, -10042
-0.04601931571960449, 150, -0.25, 222, -10122
-0.021475791931152344, 228, 0.03, 240, -140
-0.1012427806854248, 240, -0.25, 239, -10139
-0.23163104057312012, 238, 0.4, 238, -10138
-0.11658263206481934, 237, -0.25, 240, -10140
-0.15646600723266602, 239, 0.17, 238, -138
-0.07363104820251465, 240, 0.4, 233, -10133
0.09510684013366699, 233, 0.4, 200, -10100
0.3727574348449707, 200, -0.07, -20, 80
0.2914564609527588, -50, -0.15, -145, -45
0.15493202209472656, -145, -0.25, -146, -10046
-0.1012427806854248, -146, 0.05, -103, -3
-0.11504864692687988, -80, -0.25, 73, -9973
-0.13959217071533203, 73, -0.25, 213, -10113
-0.23623299598693848, 213, 0.4, 240, -10140
-0.13345623016357422, 237, -0.12, 237, -137
-0.09357285499572754, 239, -0.25, 234, -10134
-0.21782517433166504, 234, -0.25, 233, -10133
-0.23469901084899902, 233, -0.25, 233, -10133
-0.23469901084899902, 233, -0.25, 233, -10133
-0.23469901084899902, 233, -0.07, 235, -135
-0.14266014099121094, 235, 0.4, 238, -10138
-0.007669925689697266, 238, -0.15, 232, -132
0.023009777069091797, 232, 0.4, 237, -10137
0.032213687896728516, 236, -0.25, 231, -10131
0.032213687896728516, 230, -0.14, 237, -137
-0.15186405181884766, 235, 0.4, 238, -10138
-0.05368924140930176, 237, -0.07, 233, -133
0.027611732482910156, 233, -0.07, 238, -138
-0.056757211685180664, 238, -0.03, 238, -138
-0.05062127113342285, 238, 0.38, 234, -134
0.11658263206481934, 233, -0.25, 195, -10095
0.15646600723266602, 186, -0.25, 36, -9936
-0.13805818557739258, 11, -0.25, -42, -9942
-0.23623299598693848, -36, -0.25, 147, -10047
-0.23776698112487793, 201, 0.02, 210, -110
-0.13805818557739258, 220, 0.4, 235, -10135
0.015339851379394531, 235, -0.23, 224, -124
-0.042951345443725586, 222, 0.4, 236, -10136
-0.08743691444396973, 236, 0.2, 234, -134
0.05062127113342285, 234, -0.25, 181, -10081
0.09203886985778809, 174, -0.07, 77, 23
-0.08897089958190918, 75, 0.4, 153, -10053
0.052155256271362305, 153, 0.14, 158, -58
0.1533980369567871, 152, 0.03, 22, 78
0.0751650333404541, 22, 0.4, -170, -10070
0.3113980293273926, -196, -0.25, -213, -10113
0.27918457984924316, -212, -0.25, -222, -10122
0.15186405181884766, -223, 0.37, -222, -122
0.34821367263793945, -197, 0.4, -203, -10103
0.3850290775299072, -202, 0.4, -197, -10097
0.3850290775299072, -198, 0.4, -198, -10098
0.3850290775299072, -197, 0.4, -201, -10101
0.3850290775299072, -198, -0.22, -209, -109
0.3006601333618164, -212, 0.4, -225, -10125
0.23930096626281738, -222, -0.25, -217, -10117
0.24390292167663574, -217, 0.4, -225, -10125
0.251572847366333, -220, -0.25, -212, -10112
0.2883884906768799, -212, -0.25, -225, -10125
0.14266014099121094, -227, 0.09, -232, -132
0.041417598724365234, -228, 0.32, -199, -99
0.22702908515930176, -200, -0.25, -218, -10118
0.21629118919372559, -218, -0.25, -222, -10122
0.10584473609924316, -223, 0.02, -216, -116
-0.027611732482910156, -190, 0.4, -132, -10032
0.08436894416809082, -125, -0.0, -107, -7
0.15799999237060547, -107, -0.02, -217, -117
-0.004601955413818359, -225, 0.05, -166, -66
0.03374767303466797, -166, 0.4, -110, -10010
0.17180585861206055, -108, -0.25, -182, -10082
0.1963496208190918, -199, 0.04, -214, -114
0.0490872859954834, -223, 0.4, -176, -10076
0.1472620964050293, -173, -0.25, -215, -10115
0.20401954650878906, -215, 0.37, -213, -113
0.19788360595703125, -212, 0.07, -221, -121
0.23316502571105957, -221, 0.4, -218, -10118
0.29605841636657715, -210, 0.4, -203, -10103
0.3850290775299072, -203, -0.25, -211, -10111
0.2577087879180908, -216, 0.22, -226, -126
0.18254375457763672, -225, 0.4, -206, -10106
0.37122344970703125, -205, -0.25, -212, -10112
0.30526208877563477, -211, -0.25, -224, -10124
0.14879608154296875, -224, -0.15, -232, -132
-0.13192224502563477, -233, 0.4, -31, -9931
-0.016873836517333984, -14, -0.25, 169, -10069
0.009203910827636719, 185, -0.25, 232, -10132
-0.23316502571105957, 236, 0.22, 238, -138
-0.13959217071533203, 238, -0.25, 237, -10137
-0.20555353164672852, 237, -0.19, 236, -136
-0.20401954650878906, 237, -0.1, 237, -137
-0.11658263206481934, 237, -0.2, 237, -137
-0.18254375457763672, 236, -0.25, 235, -10135
-0.22396111488342285, 236, 0.4, 237, -10137
-0.11198067665100098, 236, -0.24, 237, -137
-0.20555353164672852, 236, -0.25, 235, -10135
-0.23469901084899902, 235, -0.25, 235, -10135
-0.23469901084899902, 235, -0.24, 235, -135
-0.23469901084899902, 235, -0.25, 235, -10135
-0.23469901084899902, 235, 0.4, 236, -10136
-0.13192224502563477, 236, -0.25, 239, -10139
-0.09664082527160645, 238, 0.08, 237, -137
-0.11658263206481934, 237, 0.4, 237, -10137
0.023009777069091797, 236, 0.4, 207, -10107
0.2914564609527588, 207, -0.02, 55, 45
0.2776505947113037, 55, 0.31, -151, -51
0.2883884906768799, -144, 0.4, -195, -10095
0.3819613456726074, -194, 0.4, -198, -10098
0.3865630626678467, -201, 0.4, -197, -10097
0.3865630626678467, -197, -0.25, -210, -10110
0.29912614822387695, -210, -0.25, -224, -10124
0.17487382888793945, -225, -0.25, -230, -10130
-0.03988361358642578, -232, -0.25, -181, -10081
-0.23623299598693848, -171, 0.32, 159, -59
-0.11351466178894043, 230, -0.25, 164, -10064
-0.05368924140930176, 164, 0.4, 191, -10091
-0.041417598724365234, 191, 0.23, 228, -128
0.08897089958190918, 228, -0.25, 204, -10104
0.07363104820251465, 204, -0.25, 164, -10064
-0.23009705543518066, 168, 0.4, 226, -10126
-0.0981748104095459, 233, -0.25, 239, -10139
-0.2193591594696045, 235, 0.4, 236, -10136
-0.11351466178894043, 236, -0.25, 237, -10137
-0.0490872859954834, 238, 0.11, 237, -137
-0.07976698875427246, 237, -0.25, 238, -10138
-0.11044669151306152, 238, 0.4, 237, -10137
-0.10584473609924316, 237, -0.25, 239, -10139
-0.09664082527160645, 239, 0.4, 237, -10137
-0.08283495903015137, 237, 0.35, 235, -135
0.047553300857543945, 236, -0.25, 216, -10116
0.11198067665100098, 213, 0.09, 170, -70
-0.032213687896728516, 170, -0.25, 200, -10100
-0.17180585861206055, 212, -0.25, 235, -10135
-0.23469901084899902, 235, -0.14, 236, -136
-0.1503300666809082, 235, -0.01, 238, -138
-0.030679702758789062, 239, 0.4, 233, -10133
0.06749510765075684, 233, -0.25, 190, -10090
0.1242525577545166, 190, -0.25, 84, -9984
-0.2285630702972412, 76, -0.25, 198, -10098
-0.23469901084899902, 219, -0.25, 236, -10136
-0.23469901084899902, 232, 0.4, 238, -10138
-0.026077747344970703, 238, -0.25, 208, -10108
0.02454376220703125, 208, -0.25, 186, -10086
-0.23316502571105957, 186, 0.4, 228, -10128
-0.13499021530151367, 231, 0.4, 237, -10137
0.004601955413818359, 237, 0.4, 212, -10112
0.3727574348449707, 184, 0.34, -65, 35
0.3466796875, -98, -0.25, -190, -10090
0.21629118919372559, -190, 0.4, -207, -10107
0.17180585861206055, -207, -0.25, -221, -10121
0.23009705543518066, -223, 0.4, -216, -10116
0.2423689365386963, -213, 0.4, -202, -10102
0.3850290775299072, -197, 0.13, -208, -108
0.285320520401001, -210, -0.25, -223, -10123
0.12578654289245605, -225, 0.4, -219, -10119
0.06135916709899902, -212, -0.16, -195, -95
0.15186405181884766, -209, 0.4, -204, -10104
0.10584473609924316, -209, -0.15, -207, -107
-0.13499021530151367, -207, 0.4, -64, -9964
-0.030679702758789062, 20, -0.09, 205, -105
-0.05368924140930176, 228, -0.25, 229, -10129
-0.23163104057312012, 229, -0.07, 236, -136
-0.15799999237060547, 237, 0.4, 239, -10139
-0.04448533058166504, 239, -0.18, 235, -135
-0.04448533058166504, 235, 0.4, 238, -10138
-0.023009777069091797, 239, 0.16, 165, -65
0.1503300666809082, 156, -0.25, -11, -9911
0.010737895965576172, -28, -0.06, -162, -62
-0.0720970630645752, -192, -0.23, -149, -49
-0.21322321891784668, -109, -0.25, 241, -10141
-0.21782517433166504, 194, 0.4, 218, -10118
-0.08590292930603027, 237, 0.4, 225, -10125
0.3405437469482422, 212, -0.22, -24, 76
0.18254375457763672, -24, 0.4, -142, -10042
0.2607767581939697, -146, 0.12, -202, -102
0.24390292167663574, -204, -0.17, -218, -118
0.06749510765075684, -222, 0.03, -171, -71
-0.06596112251281738, -162, -0.24, -44, 56
-0.14879608154296875, -35, 0.4, 141, -10041
-0.11044669151306152, 164, 0.02, 175, -75
0.016873836517333984, 175, 0.34, 140, -40
0.14879608154296875, 140, -0.08, 4, 96
0.1441941261291504, -51, 0.3, -176, -76
0.16260194778442383, -176, -0.25, -228, -10128
0.08130097389221191, -214, 0.4, -195, -10095
0.0490872859954834, -193, -0.25, -191, -10091
0.027611732482910156, -191, 0.4, -176, -10076
0.0015339851379394531, -162, -0.01, -81, 19
0.1303882598876953, -81, 0.05, -140, -40
0.03834962844848633, -140, -0.17, -171, -71
-0.08283495903015137, -173, 0.4, -136, -10036
-0.03374767303466797, -112, 0.4, -10, -9910
0.13652420043945312, -10, 0.19, -32, 68
0.2485048770904541, -32, 0.26, -180, -80
0.2485048770904541, -176, -0.25, -220, -10120
0.1702718734741211, -218, 0.29, -225, -125
0.20401954650878906, -217, 0.4, -204, -10104
0.38042736053466797, -201, 0.1, -209, -109
0.2454369068145752, -209, 0.4, -220, -10120
0.268446683883667, -220, -0.18, -212, -112
0.26384472846984863, -214, -0.25, -227, -10127
0.12578654289245605, -227, -0.25, -230, -10130
-0.1994175910949707, -230, 0.02, -20, 80
-0.0751650333404541, -20, -0.25, 181, -10081
-0.2193591594696045, 177, 0.05, 229, -129
-0.11811661720275879, 228, 0.4, 236, -10136
0.06442713737487793, 234, 0.4, 191, -10091
0.3758254051208496, 191, 0.4, -51, -9951
0.3896310329437256, -85, 0.4, -172, -10072
0.3926990032196045, -172, -0.14, -211, -111
0.2883884906768799, -210, -0.25, -226, -10126
0.14572811126708984, -226, -0.25, -231, -10131
-0.15953397750854492, -229, 0.4, -104, -10004
-0.12885427474975586, -87, -0.25, 169, -10069
-0.047553300857543945, 169, -0.25, 204, -10104
-0.23316502571105957, 204, -0.25, 236, -10136
-0.23469901084899902, 236, 0.4, 237, -10137
-0.13652420043945312, 237, -0.25, 238, -10138
-0.1533980369567871, 238, -0.21, 235, -135
-0.22396111488342285, 234, -0.01, 238, -138
-0.03374767303466797, 238, -0.25, 237, -10137
-0.17487382888793945, 235, -0.25, 234, -10134
-0.23316502571105957, 234, -0.25, 234, -10134
-0.23316502571105957, 234, -0.25, 234, -10134
-0.23469901084899902, 234, -0.2, 234, -134
-0.21322321891784668, 234, -0.25, 235, -10135
-0.2224271297454834, 234, 0.39, 236, -136
-0.11811661720275879, 235, -0.25, 238, -10138
-0.1472620964050293, 237, -0.15, 234, -134
-0.16413593292236328, 235, -0.25, 234, -10134
-0.23316502571105957, 233, 0.4, 236, -10136
-0.11044669151306152, 236, -0.25, 238, -10138
-0.08897089958190918, 238, -0.25, 234, -10134
-0.23469901084899902, 233, -0.25, 233, -10133
-0.23469901084899902, 233, -0.25, 233, -10133
-0.23469901084899902, 233, -0.25, 233, -10133
-0.23469901084899902, 233, 0.4, 238, -10138
0.0030679702758789062, 238, 0.4, 167, -10067
0.3819613456726074, 167, -0.25, -179, -10079
0.26998066902160645, -179, -0.16, -205, -105
0.13805818557739258, -205, -0.25, -189, -10089
-0.11965060234069824, -189, 0.4, -64, -9964
-0.08590292930603027, -8, 0.4, 242, -10142
0.0490872859954834, 242, -0.25, 111, -10011
-0.07363104820251465, 51, 0.25, -22, 78
-0.0061359405517578125, -1, 0.4, 42, -9942
0.20862150192260742, 40, -0.25, -157, -10057
0.2653787136077881, -185, 0.4, -175, -10075
0.3236699104309082, -175, -0.11, -218, -118
0.2592427730560303, -218, -0.25, -221, -10121
0.016873836517333984, -222, -0.25, -201, -10101
-0.23163104057312012, -201, 0.07, -17, 83
-0.13345623016357422, -17, 0.4, 216, -10116
0.016873836517333984, 206, -0.25, 105, -10005
-0.06902909278869629, 105, 0.2, 100, 0
-0.09510684013366699, 100, -0.01, 224, -124
-0.007669925689697266, 234, 0.4, 224, -10124
0.06289315223693848, 224, -0.25, 201, -10101
0.15799999237060547, 201, 0.4, 82, -9982
0.13805818557739258, 70, 0.4, -130, -10030
0.38042736053466797, -130, 0.36, -172, -72
0.36815547943115234, -181, -0.25, -216, -10116
0.2715146541595459, -216, 0.17, -225, -125
0.16106796264648438, -226, 0.38, -214, -114
0.34207773208618164, -210, 0.12, -214, -114
0.2807185649871826, -215, -0.15, -223, -123
0.15493202209472656, -224, 0.4, -221, -10121
0.1994175910949707, -221, 0.4, -201, -10101
0.3865630626678467, -204, 0.4, -202, -10102
0.3865630626678467, -202, 0.4, -205, -10105
0.38809704780578613, -204, 0.4, -204, -10104
0.38809704780578613, -204, 0.12, -210, -110
0.2914564609527588, -212, 0.4, -212, -10112
0.36508750915527344, -212, -0.11, -213, -113
0.19481563568115234, -221, -0.25, -230, -10130
0.03528165817260742, -231, 0.4, -192, -10092
0.023009777069091797, -188, -0.25, -138, -10038
0.04601931571960449, -138, 0.4, -115, -10015
0.021475791931152344, -109, -0.25, -79, -9979
0.0, -81, 0.32, -60, 40
-0.056757211685180664, -53, -0.25, 33, -9933
-0.15646600723266602, 54, 0.4, 244, -10144
-0.11811661720275879, 237, 0.31, 191, -91
0.16873788833618164, 186, 0.4, 72, -9972
0.3819613456726074, 29, 0.07, -174, -74
0.2914564609527588, -162, -0.25, -190, -10090
0.15799999237060547, -190, -0.24, -219, -119
-0.19174766540527344, -220, -0.19, -73, 27
-0.2024855613708496, -50, 0.28, 198, -98
-0.03528165817260742, 181, 0.4, 120, -10020
0.18561172485351562, 117, -0.25, -14, -9914
0.21629118919372559, -14, -0.25, -197, -10097
-0.06749510765075684, -191, 0.03, -54, 46
-0.07669901847839355, -54, 0.4, 201, -10101
0.23469901084899902, 192, 0.36, 36, 64
0.36815547943115234, -48, 0.22, -207, -107
0.2745826244354248, -214, -0.01, -221, -121
0.14266014099121094, -221, -0.07, -230, -130
-0.0490872859954834, -230, 0.4, -155, -10055
0.04601931571960449, -130, -0.11, -87, 13
0.16873788833618164, -87, 0.4, -215, -10115
0.23776698112487793, -204, 0.4, -201, -10101
0.38809704780578613, -196, 0.06, -212, -112
0.2883884906768799, -212, 0.4, -220, -10120
0.38042736053466797, -213, 0.4, -203, -10103
0.38809704780578613, -203, -0.07, -212, -112
0.27304863929748535, -212, -0.25, -226, -10126
0.10277676582336426, -228, 0.4, -189, -10089
0.10584473609924316, -167, -0.25, -214, -10114
0.1702718734741211, -209, -0.25, -217, -10117
-0.11658263206481934, -217, -0.25, -115, -10015
-0.23469901084899902, -82, -0.21, 189, -89
-0.2224271297454834, 189, -0.25, 234, -10134
-0.2254951000213623, 234, -0.13, 239, -139
-0.15493202209472656, 239, 0.4, 237, -10137
0.03834962844848633, 236, 0.07, 215, -115
0.11044669151306152, 215, -0.25, 101, -10001
-0.1441941261291504, 86, -0.25, 107, -10007
-0.23469901084899902, 145, 0.4, 214, -10114
-0.09510684013366699, 215, 0.24, 233, -133
0.05829119682312012, 233, -0.25, 210, -10110
-0.08130097389221191, 205, 0.4, 226, -10126
-0.06749510765075684, 226, -0.25, 229, -10129
-0.032213687896728516, 230, 0.4, 238, -10138
-0.11504864692687988, 238, -0.25, 232, -10132
-0.01994180679321289, 231, 0.4, 236, -10136
-0.02914571762084961, 236, 0.37, 231, -131
0.1672039031982422, 228, -0.25, 152, -10052
0.19481563568115234, 100, 0.4, -209, -10109
0.15953397750854492, -210, -0.25, -210, -10110
0.1963496208190918, -210, -0.25, -234, -10134
-0.23009705543518066, -234, 0.4, 89, -9989
-0.09050488471984863, 118, 0.04, 173, -73
0.026077747344970703, 173, 0.4, 117, -10017
0.16566991806030273, 112, 0.4, -89, -9989
0.3896310329437256, -152, -0.25, -190, -10090
0.2975921630859375, -190, -0.25, -221, -10121
0.15493202209472656, -221, -0.25, -228, -10128
-0.23316502571105957, -202, -0.25, 29, -9929
-0.23623299598693848, 57, -0.25, 188, -10088
-0.23623299598693848, 186, 0.4, 233, -10133
-0.0981748104095459, 236, -0.25, 236, -10136
-0.056757211685180664, 236, 0.31, 238, -138
-0.0751650333404541, 238, -0.25, 234, -10134
-0.08897089958190918, 237, -0.25, 234, -10134
-0.23469901084899902, 235, -0.25, 235, -10135
-0.23469901084899902, 235, 0.4, 237, -10137
-0.14266014099121094, 237, -0.25, 238, -10138
-0.15799999237060547, 237, 0.01, 236, -136
-0.12885427474975586, 235, -0.11, 238, -138
-0.09970879554748535, 237, -0.22, 234, -134
-0.2024855613708496, 235, -0.25, 234, -10134
-0.23623299598693848, 234, -0.06, 235, -135
-0.11504864692687988, 235, 0.4, 235, -10135
0.01994180679321289, 235, -0.11, 222, -122
0.03528165817260742, 222, -0.25, 222, -10122
-0.23009705543518066, 229, -0.25, 234, -10134
-0.23930096626281738, 234, -0.25, 235, -10135
-0.23930096626281738, 235, 0.4, 236, -10136
-0.09357285499572754, 237, 0.12, 235, -135
0.05522322654724121, 234, -0.25, 217, -10117
-0.010737895965576172, 217, -0.25, 214, -10114
-0.23163104057312012, 226, 0.4, 236, -10136
-0.12271857261657715, 236, 0.4, 235, -10135
0.07056307792663574, 232, -0.25, 193, -10093
0.13959217071533203, 164, 0.18, 36, 64
-0.0015339851379394531, 36, -0.25, -60, -9960
-0.06902909278869629, -74, 0.31, -86, 14
-0.07363104820251465, -70, -0.25, 32, -9932
-0.10431075096130371, 54, -0.25, 243, -10143
-0.23623299598693848, 243, -0.25, 232, -10132
-0.23776698112487793, 235, 0.32, 238, -138
-0.07363104820251465, 239, -0.25, 237, -10137
-0.08130097389221191, 238, -0.25, 235, -10135
-0.23469901084899902, 234, -0.25, 234, -10134
-0.23776698112487793, 234, 0.4, 235, -10135
-0.1211845874786377, 236, -0.18, 236, -136
-0.018407821655273438, 237, 0.4, 239, -10139
-0.012271881103515625, 239, -0.09, 233, -133
0.004601955413818359, 233, -0.25, 235, -10135
-0.2193591594696045, 235, 0.4, 237, -10137
-0.1012427806854248, 237, -0.03, 236, -136
-0.009203910827636719, 236, 0.34, 230, -130
0.16260194778442383, 230, -0.05, 144, -44
0.18407773971557617, 144, -0.08, -71, 29
-0.009203910827636719, -92, 0.4, -176, -10076
0.02454376220703125, -176, 0.06, -116, -16
0.1012427806854248, -111, -0.17, -113, -13
-0.09970879554748535, -113, -0.25, -71, -9971
-0.23316502571105957, -61, 0.4, 176, -10076
-0.13652420043945312, 176, 0.4, 163, -10063
-0.0030679702758789062, 159, 0.4, 104, -10004
0.23623299598693848, 104, -0.21, -75, 25
0.22702908515930176, -99, 0.17, -168, -68
0.14266014099121094, -160, 0.4, -164, -10064
0.3328738212585449, -170, 0.14, -212, -112
0.28992247581481934, -210, -0.25, -221, -10121
0.10891270637512207, -221, 0.4, -220, -10120
0.026077747344970703, -220, 0.24, -188, -88
0.20555353164672852, -187, -0.25, -221, -10121
0.1533980369567871, -221, 0.33, -214, -114
0.10584473609924316, -210, -0.25, -215, -10115
0.17794179916381836, -216, -0.24, -226, -126
-0.10277676582336426, -223, 0.25, -61, 39
-0.10891270637512207, -61, 0.01, 200, -100
0.012271881103515625, 167, -0.06, 115, -15
-0.04601931571960449, 115, -0.25, 110, -10010
-0.23316502571105957, 120, 0.03, 234, -134
-0.10737872123718262, 223, -0.25, 222, -10122
-0.18254375457763672, 221, 0.4, 238, -10138
-0.10891270637512207, 238, 0.4, 238, -10138
0.06442713737487793, 234, -0.25, 223, -10123
0.052155256271362305, 217, 0.4, 176, -10076
-0.032213687896728516, 176, -0.25, 195, -10095
-0.056757211685180664, 198, 0.4, 239, -10139
-0.07669901847839355, 236, -0.25, 236, -10136
-0.11351466178894043, 239, -0.25, 235, -10135
-0.23469901084899902, 235, -0.09, 236, -136
-0.11965060234069824, 236, 0.31, 238, -138
0.004601955413818359, 238, 0.4, 228, -10128
0.22702908515930176, 225, -0.25, 150, -10050
0.24697089195251465, 114, -0.25, -145, -10045
0.11658263206481934, -145, 0.08, -130, -30
0.0490872859954834, -75, -0.25, 8, -9908
-0.10737872123718262, 23, 0.4, 114, -10014
-0.042951345443725586, 217, -0.25, 200, -10100
-0.06135916709899902, 195, 0.4, 225, -10125
-0.021475791931152344, 230, 0.4, 231, -10131
0.24697089195251465, 224, -0.25, 65, -9965
0.2485048770904541, 12, 0.4, -170, -10070
0.2485048770904541, -162, 0.4, -199, -10099
0.38809704780578613, -199, 0.06, -211, -111
0.23776698112487793, -213, 0.06, -229, -129
0.0720970630645752, -230, -0.25, -209, -10109
-0.16413593292236328, -205, -0.25, -68, -9968
-0.23776698112487793, -47, 0.22, 238, -138
-0.09050488471984863, 183, -0.25, 142, -10042
-0.0981748104095459, 142, 0.4, 221, -10121
-0.09510684013366699, 236, 0.14, 216, -116
0.03988361358642578, 216, -0.25, 206, -10106
-0.13652420043945312, 206, -0.25, 234, -10134
-0.23623299598693848, 233, 0.4, -195, -10095
0.3926990032196045, -179, 0.4, -195, -10095
0.3926990032196045, -197, -0.25, -212, -10112
0.25003886222839355, -210, -0.25, -226, -10126
0.13499021530151367, -228, -0.21, -232, -132
-0.09203886985778809, -230, -0.25, -126, -10026
-0.23776698112487793, -74, -0.08, 187, -87
-0.1533980369567871, 188, 0.4, 233, -10133
0.01994180679321289, 240, -0.25, 226, -10126
-0.009203910827636719, 226, 0.04, 236, -136
-0.03834962844848633, 237, -0.08, 234, -134
-0.05982518196105957, 238, -0.25, 235, -10135
-0.20401954650878906, 234, 0.37, 234, -134
-0.07363104820251465, 237, 0.36, 234, -134
0.10277676582336426, 233, 0.4, 180, -10080
0.3696894645690918, 180, 0.4, -20, -9920
0.3896310329437256, -49, -0.25, -181, -10081
0.2546408176422119, -189, 0.4, -216, -10116
0.2254951000213623, -216, 0.19, -213, -113
0.2623107433319092, -213, 0.15, -222, -122
0.16106796264648438, -222, -0.1, -228, -128
0.012271881103515625, -229, 0.02, -203, -103
-0.009203910827636719, -188, 0.4, -133, -10033
0.14572811126708984, -128, -0.25, -145, -10045
0.15186405181884766, -181, 0.4, -201, -10101
0.13652420043945312, -198, -0.25, -214, -10114
0.18867969512939453, -214, 0.4, -218, -10118
0.1932816505432129, -214, -0.17, -216, -116
0.25310683250427246, -219, 0.4, -217, -10117
0.28225255012512207, -214, 0.4, -202, -10102
0.3865630626678467, -204, 0.34, -204, -104
0.3497476577758789, -206, 0.4, -206, -10106
0.3819613456726074, -198, 0.4, -202, -10102
0.3865630626678467, -204, 0.4, -201, -10101
0.38809704780578613, -201, -0.25, -218, -10118
0.23316502571105957, -218, -0.25, -227, -10127
0.1211845874786377, -227, 0.4, -222, -10122
0.07363104820251465, -222, -0.25, -222, -10122
0.11504864692687988, -222, 0.04, -230, -130
-0.0015339851379394531, -224, 0.16, -216, -116
0.11504864692687988, -216, 0.4, -206, -10106
0.3788933753967285, -199, -0.25, -214, -10114
0.27611660957336426, -214, 0.4, -225, -10125
0.20401954650878906, -225, -0.25, -220, -10120
0.18561172485351562, -223, -0.25, -230, -10130
-0.016873836517333984, -230, 0.03, -164, -64
-0.10891270637512207, -164, -0.17, -20, 80
-0.11198067665100098, -6, 0.31, 190, -90
-0.06135916709899902, 190, 0.4, 185, -10085
0.08590292930603027, 180, -0.25, 91, -9991
0.016873836517333984, 9, -0.13, -125, -25
-0.14572811126708984, -137, -0.25, -120, -10020
-0.23623299598693848, -67, 0.25, 144, -44
-0.11811661720275879, 172, -0.25, 167, -10067
-0.13959217071533203, 158, -0.25, 234, -10134
-0.23469901084899902, 229, -0.01, 239, -139
-0.027611732482910156, 240, 0.4, 232, -10132
0.15186405181884766, 222, -0.12, 56, 44
0.2546408176422119, 32, 0.33, -156, -56
0.29605841636657715, -154, 0.4, -204, -10104
0.3788933753967285, -204, 0.17, -214, -114
0.2224271297454834, -217, -0.25, -230, -10130
-0.041417598724365234, -232, 0.3, -181, -81
-0.08283495903015137, -181, -0.03, -83, 17
0.012271881103515625, -83, -0.25, 17, -9917
-0.21475720405578613, 40, -0.24, 241, -141
-0.23009705543518066, 209, -0.25, 236, -10136
-0.23469901084899902, 237, 0.3, 238, -138
-0.0981748104095459, 237, 0.29, 237, -137
0.08130097389221191, 236, 0.4, 211, -10111
0.3666214942932129, 211, 0.15, 16, 84
0.2423689365386963, -105, -0.25, -154, -10054
0.1211845874786377, -152, 0.4, -149, -10049
0.13805818557739258, -148, -0.25, -224, -10124
0.15953397750854492, -216, -0.25, -226, -10126
-0.23163104057312012, -213, 0.4, -41, -9941
-0.09510684013366699, 3, 0.01, 229, -129
0.0061359405517578125, 184, 0.16, 135, -35
0.07669901847839355, 135, -0.25, 75, -9975
-0.0015339851379394531, 75, 0.14, 28, 72
-0.0720970630645752, 28, -0.25, 52, -9952
-0.0720970630645752, 55, -0.25, 154, -10054
-0.23469901084899902, 213, -0.25, 216, -10116
-0.23469901084899902, 222, 0.4, 238, -10138
-0.1242525577545166, 238, 0.03, 234, -134
0.018407821655273438, 232, -0.25, 234, -10134
-0.2193591594696045, 236, -0.25, 235, -10135
-0.23469901084899902, 236, 0.4, 237, -10137
-0.13345623016357422, 237, -0.25, 238, -10138
-0.10431075096130371, 238, 0.4, 238, -10138
-0.06289315223693848, 238, 0.4, 234, -10134
0.08743691444396973, 233, -0.25, 186, -10086
0.14266014099121094, 177, -0.25, 72, -9972
-0.16106796264648438, 50, 0.09, 27, 73
-0.12271857261657715, 27, -0.17, 137, -37
-0.11658263206481934, 147, 0.14, 227, -127
-0.026077747344970703, 234, -0.08, 232, -132
-0.06289315223693848, 231, 0.3, 236, -136
0.036815643310546875, 236, -0.04, 201, -101
-0.004601955413818359, 201, 0.4, 167, -10067
0.10737872123718262, 165, 0.4, 127, -10027
0.3788933753967285, 107, 0.31, -194, -94
0.3206019401550293, -196, -0.25, -191, -10091
0.22396111488342285, -203, -0.25, -223, -10123
0.026077747344970703, -222, 0.4, -130, -10030
-0.11658263206481934, -130, -0.25, 22, -9922
-0.06596112251281738, 40, 0.29, 209, -109
-0.04448533058166504, 204, 0.4, 175, -10075
0.08436894416809082, 175, 0.4, 123, -10023
0.37735939025878906, 111, -0.09, -202, -102
0.25003886222839355, -212, -0.25, -165, -10065
0.13192224502563477, -165, 0.4, -212, -10112
0.1273205280303955, -212, 0.33, -215, -115
0.33594179153442383, -204, 0.2, -214, -114
0.25003886222839355, -215, -0.25, -227, -10127
0.032213687896728516, -231, 0.4, -195, -10095
-0.0490872859954834, -184, 0.4, -87, -9987
0.26691269874572754, -84, 0.4, -202, -10102
0.38809704780578613, -202, -0.25, -214, -10114
0.268446683883667, -214, -0.25, -236, -10136
-0.0751650333404541, -238, -0.09, -160, -60
-0.11504864692687988, -160, -0.25, 73, -9973
-0.2254951000213623, 73, 0.4, 191, -10091
-0.07056307792663574, 189, 0.4, 218, -10118
0.052155256271362305, 220, -0.19, 175, -75
0.20555353164672852, 175, 0.4, -23, -9923
0.26691269874572754, -103, -0.25, -216, -10116
0.22396111488342285, -213, 0.4, -217, -10117
0.29299044609069824, -216, 0.25, -209, -109
0.2945244312286377, -209, -0.25, -220, -10120
0.17794179916381836, -221, 0.4, -227, -10127
0.1503300666809082, -223, 0.4, -196, -10096
0.37735939025878906, -199, 0.24, -213, -113
0.3067960739135742, -213, -0.25, -224, -10124
0.16566991806030273, -226, 0.4, -218, -10118
0.17333984375, -218, 0.4, -206, -10106
0.3865630626678467, -206, -0.16, -213, -113
0.2945244312286377, -214, 0.4, -209, -10109
0.34821367263793945, -209, -0.24, -213, -113
0.2577087879180908, -214, 0.4, -225, -10125
0.23776698112487793, -225, 0.4, -202, -10102
0.3865630626678467, -203, -0.25, -217, -10117
0.2454369068145752, -217, 0.4, -225, -10125
0.23469901084899902, -225, -0.25, -217, -10117
0.2193591594696045, -220, -0.18, -229, -129
0.09664082527160645, -229, 0.4, -219, -10119
0.021475791931152344, -213, 0.4, -181, -10081
0.2837865352630615, -180, 0.4, -193, -10093
0.3865630626678467, -197, -0.25, -215, -10115
0.2546408176422119, -215, 0.35, -226, -126
0.2423689365386963, -222, -0.25, -217, -10117
0.21782517433166504, -219, 0.25, -229, -129
0.13959217071533203, -229, -0.07, -223, -123
0.13959217071533203, -224, 0.4, -224, -10124
0.14879608154296875, -220, 0.4, -205, -10105
0.3819613456726074, -209, 0.4, -204, -10104
0.3865630626678467, -204, 0.4, -202, -10102
0.38809704780578613, -201, -0.2, -210, -110
0.30526208877563477, -210, -0.12, -225, -125
0.16566991806030273, -226, 0.4, -228, -10128
0.16413593292236328, -225, -0.25, -219, -10119
0.2224271297454834, -221, 0.4, -223, -10123
0.18254375457763672, -223, 0.4, -202, -10102
0.3865630626678467, -202, 0.15, -211, -111
0.30526208877563477, -211, -0.25, -224, -10124
0.17333984375, -225, 0.33, -229, -129
0.1273205280303955, -229, -0.2, -218, -118
0.16566991806030273, -218, -0.12, -229, -129
0.018407821655273438, -229, 0.4, -193, -10093
-0.027611732482910156, -184, 0.4, -139, -10039
0.0720970630645752, -139, 0.4, -121, -10021
0.3758254051208496, -128, 0.4, -189, -10089
0.3896310329437256, -194, -0.25, -209, -10109
0.31293201446533203, -213, -0.25, -225, -10125
0.16413593292236328, -226, -0.25, -231, -10131
-0.06289315223693848, -231, 0.4, -128, -10028
-0.10891270637512207, -99, 0.01, 160, -60
0.02454376220703125, 219, 0.05, 184, -84
0.03834962844848633, 168, 0.4, 140, -10040
0.19021368026733398, 136, -0.18, -88, 12
0.28685450553894043, -88, -0.25, -150, -10050
0.13345623016357422, -149, 0.4, -172, -10072
0.09970879554748535, -176, 0.4, -204, -10104
0.38809704780578613, -202, 0.4, -202, -10102
0.38809704780578613, -201, -0.25, -211, -10111
0.2546408176422119, -216, 0.4, -222, -10122
0.041417598724365234, -222, 0.4, -195, -10095
0.37735939025878906, -203, 0.4, -196, -10096
0.3896310329437256, -201, 0.02, -211, -111
0.27918457984924316, -212, 0.4, -219, -10119
0.3098640441894531, -216, 0.18, -211, -111
0.26384472846984863, -214, -0.25, -227, -10127
0.1303882598876953, -228, -0.11, -231, -131
-0.1012427806854248, -223, -0.25, -149, -10049
-0.23623299598693848, -83, -0.13, 209, -109
-0.15953397750854492, 209, 0.38, 220, -120
-0.030679702758789062, 230, -0.25, 233, -10133
-0.06596112251281738, 235, 0.4, 237, -10137
-0.14112615585327148, 237, 0.37, 235, -135
0.0490872859954834, 235, 0.4, 202, -10102
0.36815547943115234, 202, -0.25, -38, -9938
0.2653787136077881, -69, 0.4, -141, -10041
0.38809704780578613, -198, -0.25, -214, -10114
0.20555353164672852, -219, -0.25, -229, -10129
0.06289315223693848, -230, -0.25, -222, -10122
-0.23009705543518066, -200, 0.4, -56, -9956
-0.13345623016357422, -34, 0.32, 220, -120
0.010737895965576172, 243, -0.25, 150, -10050
-0.0490872859954834, 145, -0.05, 130, -30
-0.12885427474975586, 130, 0.4, 231, -10131
0.004601955413818359, 241, 0.06, 212, -112
0.07669901847839355, 197, -0.19, 150, -50
-0.04448533058166504, 150, -0.25, 181, -10081
-0.23009705543518066, 181, 0.4, 233, -10133
-0.11351466178894043, 237, 0.4, 237, -10137
0.004601955413818359, 237, 0.02, 220, -120
0.05829119682312012, 207, 0.4, 152, -10052
0.18407773971557617, 147, 0.4, 53, -9953
0.3850290775299072, 32, -0.25, -200, -10100
0.28685450553894043, -190, 0.06, -184, -84
0.1533980369567871, -192, 0.4, -206, -10106
0.23163104057312012, -205, -0.25, -212, -10112
0.26691269874572754, -214, 0.4, -223, -10123
0.2485048770904541, -220, 0.4, -203, -10103
0.3865630626678467, -201, 0.4, -201, -10101
0.38809704780578613, -202, 0.4, -201, -10101
0.38809704780578613, -201, 0.39, -201, -101
0.38809704780578613, -203, 0.4, -201, -10101
0.38809704780578613, -201, -0.25, -211, -10111
0.3144659996032715, -211, -0.25, -222, -10122
0.17333984375, -222, -0.25, -233, -10133
-0.012271881103515625, -233, 0.4, -175, -10075
-0.0751650333404541, -175, -0.0, -37, 63
0.03988361358642578, -30, -0.25, 61, -9961
-0.14266014099121094, 68, 0.3, 241, -141
-0.10431075096130371, 229, -0.09, 187, -87
-0.05829119682312012, 187, 0.16, 219, -119
0.03988361358642578, 224, 0.4, 215, -10115
0.37735939025878906, 145, 0.4, -106, -10006
0.39116501808166504, -179, -0.25, -209, -10109
0.1441941261291504, -224, -0.25, -232, -10132
-0.10584473609924316, -229, -0.25, -159, -10059
-0.23469901084899902, -136, 0.4, 122, -10022
-0.12885427474975586, 122, 0.04, 157, -57
0.027611732482910156, 145, 0.11, 97, 3
0.09970879554748535, 92, 0.4, 19, -9919
0.25003886222839355, 11, 0.4, -194, -10094
0.3926990032196045, -174, -0.25, -212, -10112
0.2715146541595459, -212, 0.4, -221, -10121
0.2485048770904541, -218, -0.25, -214, -10114
0.2454369068145752, -216, 0.4, -222, -10122
0.19788360595703125, -222, 0.4, -203, -10103
0.3896310329437256, -202, 0.4, -204, -10104
0.3896310329437256, -202, 0.15, -213, -113
0.3006601333618164, -211, 0.4, -219, -10119
0.36201953887939453, -210, 0.24, -214, -114
0.25003886222839355, -219, -0.25, -225, -10125
0.1503300666809082, -227, 0.4, -214, -10114
0.23930096626281738, -212, 0.23, -211, -111
0.29912614822387695, -211, 0.4, -201, -10101
0.3850290775299072, -202, 0.26, -214, -114
0.28685450553894043, -214, 0.4, -203, -10103
0.3865630626678467, -202, 0.4, -202, -10102
0.38809704780578613, -202, -0.25, -211, -10111
0.2975921630859375, -210, -0.25, -225, -10125
0.1672039031982422, -225, 0.4, -225, -10125
0.13345623016357422, -225, 0.4, -199, -10099
0.37735939025878906, -199, -0.0, -213, -113
0.2837865352630615, -213, 0.4, -220, -10120
0.26691269874572754, -218, -0.25, -217, -10117
0.2423689365386963, -217, 0.4, -225, -10125
0.22702908515930176, -220, 0.4, -205, -10105
0.3834950923919678, -205, -0.25, -213, -10113
0.29299044609069824, -214, -0.25, -227, -10127
0.042951345443725586, -230, 0.4, -198, -10098
-0.007669925689697266, -192, -0.1, -155, -55
-0.03988361358642578, -155, -0.25, -125, -10025
-0.22396111488342285, -115, -0.0, 134, -34
-0.09510684013366699, 134, 0.4, 156, -10056
0.08130097389221191, 144, 0.4, 54, -9954
0.37735939025878906, 22, 0.4, -185, -10085
0.3926990032196045, -179, 0.4, -191, -10091
0.3926990032196045, -191, 0.4, -200, -10100
0.3926990032196045, -201, -0.25, -212, -10112
0.2975921630859375, -211, -0.25, -223, -10123
0.19481563568115234, -223, 0.4, -226, -10126
0.1932816505432129, -226, -0.25, -216, -10116
0.1994175910949707, -218, -0.25, -226, -10126
0.05368924140930176, -226, -0.25, -209, -10109
-0.23163104057312012, -185, 0.09, 18, 82
-0.11351466178894043, 98, 0.32, 174, -74
0.06135916709899902, 168, -0.25, 44, -9944
-0.10584473609924316, 2, -0.25, -38, -9938
-0.23469901084899902, -28, -0.25, 243, -10143
-0.23469901084899902, 225, -0.25, 237, -10137
-0.23469901084899902, 237, 0.4, -201, -10101
0.3926990032196045, -201, 0.4, -201, -10101
0.3926990032196045, -201, -0.13, -209, -109
0.28685450553894043, -213, 0.4, -222, -10122
0.251572847366333, -222, 0.4, -203, -10103
0.3865630626678467, -205, 0.12, -213, -113
0.28225255012512207, -215, -0.25, -226, -10126
0.15953397750854492, -226, 0.4, -227, -10127
0.13959217071533203, -227, -0.25, 41, -9941
-0.23776698112487793, 69, -0.25, 197, -10097
-0.23776698112487793, 203, 0.0, 237, -137
-0.1012427806854248, 237, -0.25, 237, -10137
-0.1672039031982422, 237, -0.25, 237, -10137
-0.23469901084899902, 235, 0.4, 237, -10137
-0.1211845874786377, 237, -0.25, 237, -10137
-0.1472620964050293, 236, -0.19, 236, -136
-0.20401954650878906, 236, -0.25, 236, -10136
-0.21629118919372559, 236, 0.22, 237, -137
0.06596112251281738, 236, 0.38, 152, -52
0.36201953887939453, 135, -0.25, -166, -10066
0.28225255012512207, -208, -0.06, -154, -54
0.11965060234069824, -167, 0.35, -218, -118
0.17180585861206055, -208, -0.25, -220, -10120
0.16260194778442383, -222, -0.25, -220, -10120
-0.056757211685180664, -220, 0.11, -156, -56
-0.11351466178894043, -156, 0.4, -8, -9908
0.027611732482910156, 7, -0.25, 141, -10041
-0.03528165817260742, 163, -0.25, 228, -10128
-0.23776698112487793, 240, -0.25, 238, -10138
-0.23776698112487793, 238, -0.25, 237, -10137
-0.23930096626281738, 238, 0.4, 239, -10139
-0.08590292930603027, 238, 0.4, 236, -10136
0.047553300857543945, 234, -0.25, 221, -10121
-0.015339851379394531, 210, -0.25, 215, -10115
-0.23009705543518066, 215, -0.09, 239, -139
-0.15646600723266602, 239, -0.25, 237, -10137
-0.23163104057312012, 236, -0.25, 237, -10137
-0.23776698112487793, 236, -0.0, 239, -139
-0.08897089958190918, 238, -0.25, 237, -10137
-0.15646600723266602, 237, -0.25, 237, -10137
-0.23469901084899902, 237, -0.25, 236, -10136
-0.23776698112487793, 236, -0.05, 238, -138
-0.15186405181884766, 239, 0.4, 237, -10137
0.018407821655273438, 237, 0.4, 226, -10126
0.24083495140075684, 220, 0.4, 118, -10018
0.3865630626678467, 73, 0.4, -178, -10078
0.39116501808166504, -192, -0.25, -214, -10114
0.26384472846984863, -214, 0.4, -224, -10124
0.2623107433319092, -221, 0.4, -202, -10102
0.3865630626678467, -202, 0.4, -202, -10102
0.3850290775299072, -203, 0.22, -213, -113
0.268446683883667, -213, -0.05, -227, -127
0.1472620964050293, -228, 0.4, -211, -10111
0.18254375457763672, -211, -0.25, -215, -10115
0.251572847366333, -215, -0.23, -226, -126
0.11198067665100098, -226, 0.35, -215, -115
0.010737895965576172, -202, -0.25, -169, -10069
0.021475791931152344, -167, 0.4, -113, -10013
0.004601955413818359, -89, 0.34, -6, 94
0.19021368026733398, -6, -0.25, -47, -9947
0.21629118919372559, -59, 0.13, -211, -111
0.1273205280303955, -201, 0.4, -179, -10079
0.2577087879180908, -179, -0.25, -206, -10106
0.2423689365386963, -206, 0.4, -219, -10119
0.19021368026733398, -220, 0.4, -197, -10097
0.3850290775299072, -203, -0.25, -214, -10114
0.2776505947113037, -215, -0.25, -226, -10126
0.08436894416809082, -228, 0.4, -210, -10110
0.0, -204, 0.4, -170, -10070
0.1503300666809082, -167, -0.25, -204, -10104
0.26384472846984863, -206, 0.22, -218, -118
0.20555353164672852, -214, -0.25, -223, -10123
0.1303882598876953, -225, 0.4, -206, -10106
0.10737872123718262, -202, -0.25, -216, -10116
0.23163104057312012, -217, 0.4, -219, -10119
0.18254375457763672, -219, 0.4, -203, -10103
0.3865630626678467, -203, -0.05, -213, -113
0.28225255012512207, -214, -0.03, -227, -127
0.12885427474975586, -227, -0.07, -225, -125
-0.05062127113342285, -225, -0.25, -169, -10069
-0.20555353164672852, -169, 0.39, 105, -5
-0.07669901847839355, 105, 0.4, 185, -10085
0.08897089958190918, 159, 0.4, 31, -9931
0.3865630626678467, -34, 0.37, -172, -72
0.38042736053466797, -193, 0.02, -215, -115
0.2485048770904541, -217, -0.25, -230, -10130
0.010737895965576172, -231, 0.4, -195, -10095
0.010737895965576172, -191, -0.25, -125, -10025
0.013805866241455078, -125, -0.25, -113, -10013
-0.23163104057312012, -107, -0.25, 106, -10006
-0.23469901084899902, 247, -0.25, 206, -10106
-0.23469901084899902, 213, 0.4, 239, -10139
-0.10584473609924316, 239, -0.25, 234, -10134
-0.05829119682312012, 230, -0.25, 237, -10137
-0.23469901084899902, 237, 0.4, 239, -10139
-0.07669901847839355, 238, 0.0, 234, -134
0.023009777069091797, 234, 0.39, 227, -127
0.1441941261291504, 226, -0.16, 177, -77
0.19174766540527344, 166, 0.12, -25, 75
0.10431075096130371, -79, 0.4, -189, -10089
0.27304863929748535, -183, 0.4, -204, -10104
0.3865630626678467, -200, 0.4, -198, -10098
0.38809704780578613, -198, -0.25, -213, -10113
0.29912614822387695, -213, -0.25, -226, -10126
0.1441941261291504, -226, 0.4, -220, -10120
0.08130097389221191, -212, -0.25, -226, -10126
0.15953397750854492, -224, -0.25, -202, -10102
-0.23163104057312012, -189, 0.4, 54, -9954
-0.08743691444396973, 107, -0.25, 102, -10002
0.03528165817260742, 93, -0.08, 11, 89
-0.09510684013366699, 5, -0.25, 81, -9981
-0.2285630702972412, 107, -0.25, 214, -10114
-0.23776698112487793, 225, 0.4, 237, -10137
-0.12885427474975586, 238, -0.23, 236, -136
-0.05982518196105957, 237, -0.19, 236, -136
-0.20862150192260742, 236, -0.25, 235, -10135
-0.23623299598693848, 235, -0.25, 235, -10135
-0.23776698112487793, 234, 0.4, 237, -10137
-0.02454376220703125, 237, -0.16, 216, -116
-0.12578654289245605, 200, -0.25, 235, -10135
-0.2224271297454834, 234, -0.12, 237, -137
-0.13499021530151367, 236, -0.25, 235, -10135
-0.23163104057312012, 235, 0.4, 236, -10136
-0.1242525577545166, 237, -0.25, 237, -10137
-0.10277676582336426, 238, -0.25, 236, -10136
-0.23469901084899902, 236, 0.4, 236, -10136
-0.0981748104095459, 236, -0.25, 237, -10137
-0.0720970630645752, 238, 0.4, 236, -10136
-0.05829119682312012, 236, 0.4, 232, -10132
0.16260194778442383, 228, 0.4, 161, -10061
0.3865630626678467, 124, 0.14, -191, -91
0.285320520401001, -191, 0.25, -182, -82
0.23623299598693848, -190, 0.4, -202, -10102
0.38042736053466797, -201, -0.25, -212, -10112
0.28992247581481934, -213, 0.16, -227, -127
0.15186405181884766, -226, -0.25, -225, -10125
0.041417598724365234, -226, -0.25, -212, -10112
-0.23316502571105957, -201, -0.25, -35, -9935
-0.23776698112487793, -12, 0.4, 185, -10085
-0.09664082527160645, 185, -0.25, 169, -10069
-0.0030679702758789062, 168, -0.02, 186, -86
-0.08283495903015137, 193, 0.33, 229, -129
0.047553300857543945, 228, -0.25, 217, -10117
0.06902909278869629, 217, 0.4, 206, -10106
0.036815643310546875, 217, 0.4, 216, -10116
0.37735939025878906, 207, 0.4, -52, -9952
0.38809704780578613, -52, -0.25, -199, -10099
0.2715146541595459, -199, 0.1, -219, -119
0.11351466178894043, -220, -0.25, -230, -10130
-0.03528165817260742, -231, 0.4, -149, -10049
-0.04601931571960449, -149, 0.34, -16, 84
0.08130097389221191, -7, 0.4, 47, -9947
0.37429141998291016, 37, -0.25, -172, -10072
0.2623107433319092, -200, -0.25, -193, -10093
0.11965060234069824, -206, 0.4, -198, -10098
0.056757211685180664, -186, 0.4, -156, -10056
0.3758254051208496, -161, -0.25, -208, -10108
0.2623107433319092, -208, -0.25, -225, -10125
0.11044669151306152, -225, -0.25, -223, -10123
-0.23163104057312012, -216, 0.4, -95, -9995
-0.11351466178894043, -56, 0.4, 235, -10135
0.06442713737487793, 235, 0.4, 85, -9985
0.3788933753967285, 9, -0.25, -174, -10074
0.29299044609069824, -169, 0.4, -210, -10110
0.22396111488342285, -210, -0.25, -223, -10123
0.1672039031982422, -223, -0.25, -225, -10125
-0.009203910827636719, -226, -0.25, -153, -10053
-0.23469901084899902, -153, -0.25, 27, -9927
-0.23776698112487793, 83, 0.4, 181, -10081
-0.10737872123718262, 184, -0.25, 235, -10135
-0.1503300666809082, 235, 0.11, 238, -138
-0.1012427806854248, 239, 0.4, 235, -10135
0.1503300666809082, 233, -0.25, 163, -10063
0.2024855613708496, 163, -0.25, -42, -9942
-0.021475791931152344, -63, 0.4, -218, -10118
-0.021475791931152344, -194, -0.25, -113, -10013
-0.004601955413818359, -113, -0.25, -35, -9935
-0.23469901084899902, -35, -0.25, 165, -10065
-0.23776698112487793, 231, 0.39, 241, -141
-0.08743691444396973, 241, -0.06, 240, -140
-0.052155256271362305, 240, 0.26, 214, -114
0.2423689365386963, 208, -0.25, 79, -9979
0.16566991806030273, 60, -0.25, -196, -10096
-0.18714570999145508, -221, -0.08, -23, 77
-0.15186405181884766, -23, -0.25, 212, -10112
-0.22089314460754395, 200, -0.25, 228, -10128
-0.23776698112487793, 238, 0.4, 238, -10138
-0.13805818557739258, 238, -0.25, 238, -10138
-0.09357285499572754, 238, 0.38, 237, -137
-0.052155256271362305, 237, 0.4, 232, -10132
0.08436894416809082, 232, -0.25, 206, -10106
0.1273205280303955, 201, -0.25, 127, -10027
-0.20401954650878906, 116, 0.4, 160, -10060
-0.08130097389221191, 215, -0.25, 219, -10119
-0.06442713737487793, 218, -0.25, 236, -10136
-0.23469901084899902, 236, 0.22, 237, -137
-0.12885427474975586, 237, -0.25, 235, -10135
-0.23469901084899902, 235, -0.25, 235, -10135
-0.23623299598693848, 235, -0.25, 234, -10134
-0.23776698112487793, 235, -0.25, 235, -10135
-0.23623299598693848, 235, 0.4, 236, -10136
-0.12885427474975586, 236, 0.38, 236, -136
0.015339851379394531, 236, -0.25, 220, -10120
0.01994180679321289, 218, -0.25, 216, -10116
-0.23623299598693848, 236, -0.25, 235, -10135
-0.23776698112487793, 235, 0.14, 237, -137
-0.11658263206481934, 236, 0.4, 236, -10136
0.027611732482910156, 236, -0.25, 211, -10111
-0.0490872859954834, 205, 0.4, 231, -10131
-0.08436894416809082, 237, 0.27, 234, -134
0.047553300857543945, 234, -0.25, 222, -10122
0.06902909278869629, 218, -0.25, 195, -10095
-0.23009705543518066, 199, -0.13, 237, -137
-0.1441941261291504, 236, -0.25, 235, -10135
-0.2224271297454834, 235, -0.25, 235, -10135
-0.23469901084899902, 235, 0.4, 236, -10136
-0.11044669151306152, 235, -0.16, 236, -136
-0.021475791931152344, 236, 0.4, 237, -10137
-0.009203910827636719, 236, -0.25, 228, -10128
-0.004601955413818359, 227, -0.25, 236, -10136
-0.23776698112487793, 235, -0.16, 235, -135
-0.18100976943969727, 236, -0.25, 235, -10135
-0.23776698112487793, 234, 0.4, 236, -10136
-0.1503300666809082, 236, 0.13, 237, -137
-0.015339851379394531, 237, -0.18, 233, -133
-0.08743691444396973, 233, 0.39, 237, -137
-0.0015339851379394531, 237, 0.4, 177, -10077
0.3727574348449707, 165, -0.25, -108, -10008
0.26998066902160645, -140, 0.4, -123, -10023
0.3098640441894531, -123, 0.4, -198, -10098
0.3834950923919678, -198, 0.4, -203, -10103
0.3850290775299072, -203, -0.17, -215, -115
0.24083495140075684, -218, 0.4, -224, -10124
0.20095157623291016, -224, 0.36, -204, -104
0.35434961318969727, -206, -0.25, -218, -10118
0.2285630702972412, -218, 0.4, -227, -10127
0.3727574348449707, -225, -0.25, -213, -10113
0.2945244312286377, -213, -0.25, -228, -10128
0.1303882598876953, -228, -0.25, -182, -10082
-0.23776698112487793, -173, -0.25, 72, -9972
-0.23930096626281738, 72, -0.25, 182, -10082
-0.23930096626281738, 182, -0.25, 234, -10134
-0.23930096626281738, 236, -0.25, 235, -10135
-0.23930096626281738, 235, 0.26, 239, -139
0.010737895965576172, 240, 0.4, 206, -10106
0.36508750915527344, 206, 0.4, 33, -9933
0.3850290775299072, -25, 0.4, -162, -10062
0.38809704780578613, -162, 0.4, -197, -10097
0.38809704780578613, -197, 0.15, -212, -112
0.29605841636657715, -213, 0.4, -219, -10119
0.3374757766723633, -213, -0.25, -212, -10112
0.2914564609527588, -213, 0.2, -224, -124
0.19788360595703125, -225, 0.4, -213, -10113
0.3758254051208496, -206, -0.25, -214, -10114
0.25617480278015137, -215, -0.25, -228, -10128
0.1472620964050293, -228, -0.25, -233, -10133
-0.05982518196105957, -234, -0.25, -181, -10081
-0.23623299598693848, -170, -0.25, -23, -9923
-0.23776698112487793, 31, 0.11, 198, -98
-0.14266014099121094, 198, -0.25, 177, -10077
-0.1472620964050293, 181, 0.4, 235, -10135
-0.11044669151306152, 233, 0.33, 235, -135
0.013805866241455078, 235, 0.26, 224, -124
0.23163104057312012, 222, -0.25, 137, -10037
0.17333984375, 137, -0.25, -73, -9973
0.016873836517333984, -73, -0.16, -174, -74
-0.17487382888793945, -161, -0.25, 13, -9913
-0.22702908515930176, 37, -0.25, 200, -10100
-0.2423689365386963, 193, -0.25, 237, -10137
-0.24083495140075684, 237, -0.07, 238, -138
-0.1303882598876953, 237, 0.4, 239, -10139
-0.009203910827636719, 239, -0.25, 235, -10135
0.009203910827636719, 235, -0.25, 237, -10137
-0.23469901084899902, 237, -0.25, 236, -10136
-0.23776698112487793, 236, -0.25, 236, -10136
-0.23776698112487793, 236, -0.0, 236, -136
-0.1533980369567871, 236, 0.4, 239, -10139
-0.004601955413818359, 238, -0.03, 233, -133
0.06442713737487793, 233, -0.25, 237, -10137
-0.2224271297454834, 237, -0.25, 236, -10136
-0.24083495140075684, 235, 0.2, 237, -137
-0.06596112251281738, 237, 0.4, 213, -10113
0.363553524017334, 206, 0.4, 30, -9930
0.3850290775299072, 1, -0.25, -168, -10068
0.2945244312286377, -168, 0.4, -199, -10099
0.23316502571105957, -199, 0.4, -207, -10107
0.3834950923919678, -207, 0.3, -212, -112
0.3144659996032715, -213, -0.25, -220, -10120
0.20862150192260742, -221, -0.25, -229, -10129
0.11658263206481934, -228, -0.25, -204, -10104
-0.23469901084899902, -204, 0.32, -39, 61
-0.1503300666809082, -39, -0.25, 228, -10128
-0.16566991806030273, 197, -0.25, 236, -10136
-0.23930096626281738, 239, 0.4, 239, -10139
-0.1472620964050293, 239, 0.4, 239, -10139
-0.027611732482910156, 239, -0.25, 236, -10136
-0.08436894416809082, 237, -0.25, 237, -10137
-0.23776698112487793, 237, 0.26, 238, -138
-0.15953397750854492, 239, 0.14, 240, -140
0.032213687896728516, 237, -0.01, 228, -128
0.0, 228, 0.4, 234, -10134
0.09664082527160645, 232, 0.32, 62, 38
0.33900976181030273, 62, -0.24, -185, -85
0.22089314460754395, -185, 0.18, -155, -55
0.13652420043945312, -159, 0.09, -225, -125
0.11658263206481934, -229, -0.08, -223, -123
-0.012271881103515625, -222, 0.38, -162, -62
0.004601955413818359, -155, 0.4, -79, -9979
0.23623299598693848, -73, -0.12, -162, -62
0.251572847366333, -220, -0.25, -203, -10103
0.14879608154296875, -203, -0.04, -214, -114
-0.05062127113342285, -214, 0.4, -141, -10041
0.042951345443725586, -141, -0.25, -94, -9994
0.10277676582336426, -94, -0.25, -97, -9997
-0.2254951000213623, -91, -0.25, 192, -10092
-0.23776698112487793, 192, -0.21, 219, -119
-0.22089314460754395, 235, -0.25, 237, -10137
-0.2285630702972412, 237, 0.4, 239, -10139
0.05522322654724121, 239, -0.05, 208, -108
0.07823300361633301, 201, 0.4, 117, -10017
0.1211845874786377, 106, 0.27, -35, 65
0.29912614822387695, -35, 0.03, -177, -77
0.1303882598876953, -172, -0.25, -229, -10129
-0.23163104057312012, -227, -0.25, -94, -9994
-0.23776698112487793, -74, -0.02, 185, -85
-0.1472620964050293, 185, 0.34, 193, -93
-0.007669925689697266, 193, 0.11, 207, -107
0.10584473609924316, 207, -0.25, 118, -10018
-0.018407821655273438, 118, 0.4, 70, -9970
-0.052155256271362305, 80, 0.4, 136, -10036
0.21322321891784668, 136, -0.25, 42, -9942
0.22089314460754395, 23, -0.25, -222, -10122
0.03834962844848633, -197, 0.1, -122, -22
-0.06596112251281738, -112, 0.17, 5, 95
0.06442713737487793, 16, 0.4, 88, -9988
0.37429141998291016, 75, 0.4, -180, -10080
0.39116501808166504, -162, -0.25, -204, -10104
0.2423689365386963, -209, -0.25, -223, -10123
0.14112615585327148, -223, -0.25, -230, -10130
-0.1672039031982422, -230, 0.1, -58, 42
-0.13652420043945312, -58, 0.4, 205, -10105
0.06902909278869629, 191, -0.25, 118, -10018
0.10891270637512207, 108, -0.25, -10, -9910
-0.1794757843017578, -21, 0.4, -46, -9946
-0.11658263206481934, -40, 0.4, 39, -9939
0.012271881103515625, 50, 0.4, 144, -10044
0.2423689365386963, 148, -0.25, 46, -9946
0.2623107433319092, 46, 0.11, -209, -109
0.13345623016357422, -190, -0.25, -132, -10032
-0.23469901084899902, -114, -0.25, 109, -10009
-0.23776698112487793, 109, -0.09, 195, -95
-0.11044669151306152, 198, -0.14, 236, -136
-0.12885427474975586, 235, 0.4, 229, -10129
0.1211845874786377, 228, -0.25, 189, -10089
0.1764078140258789, 179, 0.4, -17, -9917
0.10277676582336426, -32, -0.06, -218, -118
0.17794179916381836, -218, -0.06, -175, -75
0.0030679702758789062, -175, -0.25, -185, -10085
-0.22396111488342285, -184, -0.16, 19, 81
-0.1794757843017578, 19, 0.4, 203, -10103
-0.06596112251281738, 203, 0.4, 89, -9989
0.21629118919372559, 81, 0.19, -114, -14
0.2224271297454834, -171, 0.1, -181, -81
0.1273205280303955, -196, -0.25, -207, -10107
-0.021475791931152344, -208, -0.25, -195, -10095
-0.23163104057312012, -195, -0.25, -81, -9981
-0.23776698112487793, -37, -0.25, 230, -10130
-0.23776698112487793, 187, 0.3, 232, -132
0.285320520401001, 182, -0.25, -54, -9954
0.21015548706054688, -54, 0.4, -179, -10079
0.32213592529296875, -150, -0.25, -201, -10101
0.25003886222839355, -201, -0.11, -218, -118
0.1012427806854248, -217, -0.25, -213, -10113
-0.23009705543518066, -183, 0.4, -12, -9912
-0.09970879554748535, 12, 0.4, 156, -10056
0.18100976943969727, 156, 0.4, -95, -9995
0.3865630626678467, -124, -0.25, -200, -10100
0.29605841636657715, -200, 0.4, -219, -10119
0.2254951000213623, -219, -0.21, -215, -115
0.251572847366333, -215, -0.25, -223, -10123
0.15186405181884766, -225, 0.2, -225, -125
0.07056307792663574, -222, -0.25, -221, -10121
0.047553300857543945, -227, -0.25, -207, -10107
-0.23163104057312012, -207, -0.25, -62, -9962
-0.23930096626281738, -39, -0.25, 251, -10151
-0.23930096626281738, 234, -0.25, 206, -10106
-0.23930096626281738, 215, 0.34, 237, -137
-0.05829119682312012, 237, 0.4, 226, -10126
0.26998066902160645, 223, 0.4, 91, -9991
0.3850290775299072, 12, 0.23, -171, -71
0.28992247581481934, -172, -0.25, -208, -10108
0.17333984375, -208, 0.4, -217, -10117
0.17487382888793945, -215, 0.4, -205, -10105
0.3788933753967285, -205, -0.25, -214, -10114
0.24697089195251465, -219, -0.25, -229, -10129
0.11198067665100098, -229, 0.4, -223, -10123
0.042951345443725586, -211, -0.25, -195, -10095
0.08283495903015137, -199, -0.05, -203, -103
-0.10737872123718262, -203, 0.4, -111, -10011
0.036815643310546875, -98, -0.25, 3, -9903
-0.06749510765075684, 14, 0.37, 86, 14
-0.07056307792663574, 112, 0.4, 229, -10129
0.047553300857543945, 219, -0.18, 159, -59
0.09203886985778809, 159, 0.4, 52, -9952
0.06596112251281738, 46, 0.14, -65, 35
0.1932816505432129, -79, -0.19, -205, -105
0.036815643310546875, -202, -0.25, -168, -10068
-0.2193591594696045, -168, -0.25, 23, -9923
-0.2193591594696045, 23, 0.4, 189, -10089
-0.11198067665100098, 189, 0.4, 190, -10090
0.03834962844848633, 190, 0.4, 140, -10040
0.37429141998291016, 140, -0.25, -188, -10088
0.23776698112487793, -160, 0.4, -198, -10098
0.28225255012512207, -194, 0.4, -209, -10109
0.3850290775299072, -206, -0.25, -213, -10113
0.28992247581481934, -214, 0.4, -222, -10122
0.2423689365386963, -222, 0.24, -209, -109
0.29605841636657715, -211, 0.4, -209, -10109
0.38042736053466797, -204, -0.25, -211, -10111
0.28992247581481934, -212, 0.09, -224, -124
0.15953397750854492, -226, 0.4, -215, -10115
0.26998066902160645, -213, 0.4, -204, -10104
0.3865630626678467, -204, -0.21, -213, -113
0.285320520401001, -214, 0.37, -224, -124
0.20708751678466797, -224, 0.35, -208, -108
0.33594179153442383, -208, -0.25, -219, -10119
0.21782517433166504, -220, 0.35, -224, -124
0.1994175910949707, -224, -0.25, -218, -10118
0.19174766540527344, -221, -0.25, -227, -10127
0.056757211685180664, -228, -0.25, -206, -10106
-0.23163104057312012, -206, -0.25, -37, -9937
-0.23776698112487793, -12, -0.03, 189, -89
-0.10584473609924316, 193, 0.22, 234, -134
0.010737895965576172, 234, 0.4, 222, -10122
0.1932816505432129, 220, 0.4, 128, -10028
0.3865630626678467, 85, -0.13, -201, -101
0.29605841636657715, -201, -0.15, -177, -77
0.08283495903015137, -216, 0.37, -150, -50
0.1702718734741211, -12, 0.4, -34, -9934
0.37735939025878906, -34, -0.25, -212, -10112
0.2776505947113037, -212, -0.16, -222, -122
0.13345623016357422, -222, 0.21, -224, -124
0.09510684013366699, -221, -0.25, -221, -10121
0.12271857261657715, -221, 0.4, -213, -10113
0.1012427806854248, -208, -0.25, -227, -10127
0.1503300666809082, -225, -0.25, -220, -10120
-0.10891270637512207, -220, 0.33, -130, -30
-0.10891270637512207, -105, -0.25, 71, -9971
-0.08590292930603027, 71, 0.4, 216, -10116
-0.08436894416809082, 210, 0.3, 195, -95
0.03374767303466797, 195, -0.21, 171, -71
-0.06135916709899902, 171, -0.25, 179, -10079
